,날짜,종목번호,시가,최고가,최저가,종가,거래량,일일주가변동률,유동주식,기준,ETF_지수
0,2020-01-02,1668870,1052399,1055576,1029530,1037704,6538275,0.0,2507158926,20_High,100.0
1,2020-01-03,1668870,1042069,1049462,1025372,1034244,7554283,0.011180850000000004,2507158926,20_High,99.66657158496064
2,2020-01-06,1668870,1027530,1035463,1009875,1017102,7248474,-0.24980564,2507158926,20_High,98.0146554316067
3,2020-01-07,1668870,1017224,1030183,1007562,1021561,5636583,0.07528295,2507158926,20_High,98.44435407399412
4,2020-01-08,1668870,1011082,1015077,971313,980495,9594120,-0.46033238,2507158926,20_High,94.48696352717153
5,2020-01-09,1668870,990392,1003943,981799,992198,12587156,0.07168731,2507158926,20_High,95.61474177607488
6,2020-01-10,1668870,993988,1003160,984389,993226,7844360,-0.03031995,2507158926,20_High,95.71380663464726
7,2020-01-13,1668870,996915,1007355,984975,998390,6619358,0.031267630000000005,2507158926,20_High,96.2114437257638
8,2020-01-14,1668870,998942,1012287,989283,1000589,8482212,0.06256107,2507158926,20_High,96.42335386584229
9,2020-01-15,1668870,997152,1019613,989379,1011317,7047450,0.09391896,2507158926,20_High,97.45717468565218
10,2020-01-16,1668870,1010511,1020763,996939,1012609,7568272,-0.030459769999999997,2507158926,20_High,97.58168032502525
11,2020-01-17,1668870,1012668,1028437,1003950,1012586,7620960,-0.023459940000000006,2507158926,20_High,97.57946389336458
12,2020-01-20,1668870,1012372,1023697,999196,1010999,6950896,-0.005971220000000001,2507158926,20_High,97.4265301087786
13,2020-01-21,1668870,1009714,1020031,998492,1004795,5207810,-0.09419303,2507158926,20_High,96.82867175996238
14,2020-01-22,1668870,1009861,1018159,997572,1007510,5455408,0.03603968,2507158926,20_High,97.09030706251494
15,2020-01-23,1668870,1002283,1011603,988832,1004951,6029032,-0.06353734999999999,2507158926,20_High,96.84370494861734
16,2020-01-28,1668870,977887,993797,959869,968685,10439097,-0.57140428,2507158926,20_High,93.34887405271638
17,2020-01-29,1668870,969838,987874,962855,978495,6287177,0.1493957,2507158926,20_High,94.2942303392875
18,2020-01-30,1668870,978674,993064,960784,972501,8245981,-0.19738658,2507158926,20_High,93.7166089751991
19,2020-01-31,1668870,976639,984922,949179,956782,8572359,-0.18483507999999998,2507158926,20_High,92.20182248502464
20,2020-02-03,1668870,943399,959815,928573,949504,9294832,-0.10925941,2507158926,20_High,91.50046641431467
21,2020-02-04,1668870,948555,969037,944494,954519,8911457,0.04418130000000001,2507158926,20_High,91.98374488293386
22,2020-02-05,1668870,961794,978039,952994,967201,9262715,0.12844984,2507158926,20_High,93.20586602730644
23,2020-02-06,1668870,975503,994529,968523,988241,10679973,0.31299433,2507158926,20_High,95.23341916384634
24,2020-02-07,1668870,984496,992713,969879,978960,11083637,-0.13847627,2507158926,20_High,94.33904080547055
25,2020-02-10,1668870,971173,985004,959623,977411,8790679,-0.058431800000000006,2507158926,20_High,94.18976895145437
26,2020-02-11,1668870,981700,991768,970725,982212,8504819,0.059891959999999994,2507158926,20_High,94.65242496896997
27,2020-02-12,1668870,978936,986694,964628,978584,10105929,0.08493574,2507158926,20_High,94.30280696614834
28,2020-02-13,1668870,975724,985499,967194,970795,12104802,-0.07236127,2507158926,20_High,93.55220756593403
29,2020-02-14,1668870,969819,976430,958394,963092,7805251,-0.08523085,2507158926,20_High,92.80989569279872
30,2020-02-17,1668870,963872,973787,950582,961003,8808837,0.03192924,2507158926,20_High,92.60858587805386
31,2020-02-18,1668870,959810,967225,941775,948968,8058179,-0.18492967,2507158926,20_High,91.44881391996176
32,2020-02-19,1668870,957107,960012,931621,938776,9348841,-0.037962069999999994,2507158926,20_High,90.4666455945048
33,2020-02-20,1668870,942615,949766,919688,925138,8601006,-0.19924327,2507158926,20_High,89.15239798632365
34,2020-02-21,1668870,914570,924156,898352,902272,9088053,-0.35734471,2507158926,20_High,86.94887944924564
35,2020-02-24,1668870,885246,895444,859490,866112,13780411,-0.6175554,2507158926,20_High,83.46426341230254
36,2020-02-25,1668870,853415,887499,851351,878962,11092162,0.20180462,2507158926,20_High,84.70257414445737
37,2020-02-26,1668870,862541,878671,856033,870078,11483073,-0.13518114,2507158926,20_High,83.84645332387656
38,2020-02-27,1668870,867031,878345,851579,857110,10247256,-0.14727342999999998,2507158926,20_High,82.59677133363657
39,2020-02-28,1668870,845019,849374,813743,826984,15744639,-0.54799424,2507158926,20_High,79.69363132453957
40,2020-03-02,1668870,826805,842540,818117,827743,12112665,-0.06758313,2507158926,20_High,79.76677356934154
41,2020-03-03,1668870,839817,852145,825898,831155,11815169,0.046468060000000005,2507158926,20_High,80.09557638787169
42,2020-03-04,1668870,828316,856211,825067,850972,15384508,0.29466067,2507158926,20_High,82.00527318002051
43,2020-03-05,1668870,858909,870144,849106,862957,30641901,0.31211536,2507158926,20_High,83.1602268084155
44,2020-03-06,1668870,852996,856440,832316,839649,15491073,-0.32923693,2507158926,20_High,80.91411423681512
45,2020-03-09,1668870,820271,821620,792414,800255,16074954,-0.81471953,2507158926,20_High,77.11784863506357
46,2020-03-10,1668870,787065,808710,778744,798869,13932366,0.0018455599999999944,2507158926,20_High,76.98428453585994
47,2020-03-11,1668870,801917,811706,765129,773432,15196504,-0.41496941,2507158926,20_High,74.53300748575703
48,2020-03-12,1668870,765546,770501,712236,721856,22670353,-0.95551579,2507158926,20_High,69.5628040366039
49,2020-03-13,1668870,662364,696257,627011,678895,27515261,-0.94885889,2507158926,20_High,65.42279879426117
50,2020-03-16,1668870,680208,693391,637876,642270,14982206,-0.6068971,2507158926,20_High,61.89337229113504
51,2020-03-17,1668870,606624,640255,597032,621311,19050196,-0.59587158,2507158926,20_High,59.873624848704445
52,2020-03-18,1668870,624395,633498,578786,580787,18303838,-0.82977805,2507158926,20_High,55.96846499579841
53,2020-03-19,1668870,585301,593792,473388,485419,24494277,-2.2084715,2507158926,20_High,46.778175664736764
54,2020-03-20,1668870,498148,540707,479863,536779,22283596,1.37891388,2507158926,20_High,51.72756392959842
55,2020-03-23,1668870,495306,513097,482275,489580,16143302,-1.27502476,2507158926,20_High,47.17915706212948
56,2020-03-24,1668870,504449,556869,495367,546434,17869785,1.3484637,2507158926,20_High,52.657983394108534
57,2020-03-25,1668870,571466,627782,563418,609108,23488657,1.39133182,2507158926,20_High,58.697663302830094
58,2020-03-26,1668870,621180,657401,593867,625019,23602251,0.23087834,2507158926,20_High,60.23095217904142
59,2020-03-27,1668870,658879,671502,619033,642748,20259282,0.45203099999999996,2507158926,20_High,61.93943552303932
60,2020-03-30,1668870,620668,646321,604136,638051,13503795,-0.06514759999999999,2507158926,20_High,61.486801631293694
61,2020-03-31,1668870,645187,677714,637020,664249,19407570,0.3899635,2507158926,20_High,64.01141365938649
62,2020-04-01,1668870,657520,697547,636696,648909,16883762,-0.32550897,2507158926,20_High,62.53315010831605
63,2020-04-02,1668870,651267,682741,627248,671497,17277166,0.47966964,2507158926,20_High,64.70987873227818
64,2020-04-03,1668870,681276,699885,652241,665464,15266911,-0.13655522,2507158926,20_High,64.12849907102604
65,2020-04-06,1668870,670851,697344,664345,690243,16027205,0.6591982200000001,2507158926,20_High,66.51636690231511
66,2020-04-07,1668870,709045,716415,685605,705118,16724192,0.32772131,2507158926,20_High,67.94981998720252
67,2020-04-08,1668870,699601,722719,690219,703692,15537264,-0.046401,2507158926,20_High,67.81240122424121
68,2020-04-09,1668870,719830,731843,704221,721936,12591112,0.32421275000000005,2507158926,20_High,69.57051336411925
69,2020-04-10,1668870,721870,738717,703769,731687,15046880,0.17318523,2507158926,20_High,70.51018402164779
70,2020-04-13,1668870,731031,742986,706910,714927,11927649,-0.31787383,2507158926,20_High,68.8950799071797
71,2020-04-14,1668870,722133,742148,715226,726847,10274543,0.2270168,2507158926,20_High,70.04376970696846
72,2020-04-16,1668870,714906,729803,703330,723153,16034146,-0.21832726,2507158926,20_High,69.68779150894667
73,2020-04-17,1668870,733224,752181,729229,741095,15052847,0.33332969,2507158926,20_High,71.41680093745423
74,2020-04-20,1668870,743252,764958,737717,748296,14794496,0.15731428,2507158926,20_High,72.11073678043064
75,2020-04-21,1668870,744044,757586,716676,744891,15904994,-0.08455328,2507158926,20_High,71.7826085280581
76,2020-04-22,1668870,730928,751674,718047,747709,13914337,0.05528923,2507158926,20_High,72.05416958978668
77,2020-04-23,1668870,747939,779132,741370,768117,15101733,0.39699863,2507158926,20_High,74.02081903895524
78,2020-04-24,1668870,765886,783434,750480,760986,12392243,-0.11651898,2507158926,20_High,73.33362885755476
79,2020-04-27,1668870,766981,792235,760323,779180,21780540,0.5367336699999999,2507158926,20_High,75.08692266773569
80,2020-04-28,1668870,779593,797210,764783,785630,20562002,0.13115095999999998,2507158926,20_High,75.70848719866166
81,2020-04-29,1668870,788050,804800,775591,791846,16257646,0.15321932,2507158926,20_High,76.3075019466052
82,2020-05-04,1668870,782015,802415,770311,782709,16429141,-0.32478777999999997,2507158926,20_High,75.42700037775705
83,2020-05-06,1668870,794748,807367,782569,792249,14388409,0.10349327,2507158926,20_High,76.34633768396382
84,2020-05-07,1668870,791939,804487,782931,796690,11487724,-0.0020432699999999963,2507158926,20_High,76.7743017276603
85,2020-05-08,1668870,803758,818091,796277,804945,10957814,0.12794371,2507158926,20_High,77.56980796065159
86,2020-05-11,1668870,804291,815820,791509,799970,9985887,-0.10186032,2507158926,20_High,77.09038415579009
87,2020-05-12,1668870,802084,812208,775593,787343,13567627,-0.19476552,2507158926,20_High,75.87356317408432
88,2020-05-13,1668870,779472,798718,768212,793289,11570004,0.08205419,2507158926,20_High,76.44655894166353
89,2020-05-14,1668870,789033,795747,771539,777505,13296336,-0.32506329,2507158926,20_High,74.92550862288283
90,2020-05-15,1668870,785637,795618,772972,783772,12965395,0.12536103,2507158926,20_High,75.52943806711741
91,2020-05-18,1668870,790839,814117,768203,799031,11940407,0.12917322,2507158926,20_High,76.99989592407854
92,2020-05-19,1668870,827312,856622,807087,816130,17651699,0.47171953,2507158926,20_High,78.64766831389298
93,2020-05-20,1668870,821335,848435,814708,838926,10124850,0.054393130000000005,2507158926,20_High,80.84444118939504
94,2020-05-21,1668870,857419,876320,843563,851980,12332752,0.09618813,2507158926,20_High,82.10241070671405
95,2020-05-22,1668870,855069,861834,830237,838854,10944284,-0.27081543,2507158926,20_High,80.83750279463122
96,2020-05-25,1668870,848912,864798,834190,859833,8187630,0.1577326,2507158926,20_High,82.85917756894065
97,2020-05-26,1668870,862536,891830,851671,884238,13730615,0.35204556,2507158926,20_High,85.21100429409543
98,2020-05-27,1668870,895692,908355,868657,880663,18436338,0.08536389,2507158926,20_High,84.86649372075273
99,2020-05-28,1668870,884522,897915,849776,858543,26927880,-0.0362823,2507158926,20_High,82.73486466275547
100,2020-05-29,1668870,853935,875549,842315,851998,21782786,0.005459079999999997,2507158926,20_High,82.10414530540501
101,2020-06-01,1668870,856100,874825,850920,865184,13529647,0.25533616,2507158926,20_High,83.37483521312436
102,2020-06-02,1668870,867298,885129,856193,874751,19828345,0.33463281,2507158926,20_High,84.29677441736757
103,2020-06-03,1668870,885119,904148,871296,891643,27522980,0.44900548,2507158926,20_High,85.92459892223602
104,2020-06-04,1668870,900608,910570,872413,879416,24551882,-0.17327465,2507158926,20_High,84.74632457810705
105,2020-06-05,1668870,878050,912689,863783,903082,14100439,0.24631479,2507158926,20_High,87.02693639033868
106,2020-06-08,1668870,920356,926889,894109,906139,13407664,0.0190237,2507158926,20_High,87.3215290680194
107,2020-06-09,1668870,908485,917870,886287,897201,12912851,-0.14453341,2507158926,20_High,86.46020445136571
108,2020-06-10,1668870,895250,910589,883185,895305,13801585,-0.09782084,2507158926,20_High,86.27749338925166
109,2020-06-11,1668870,892152,926501,874770,893905,20981219,-0.26457783,2507158926,20_High,86.14258015773284
110,2020-06-12,1668870,851567,910266,844322,904414,19394563,-0.24417564,2507158926,20_High,87.15529669346942
111,2020-06-15,1668870,916667,970661,877614,900890,20926743,-0.57441869,2507158926,20_High,86.81570081641779
112,2020-06-16,1668870,942577,968441,904591,935940,16402273,0.95008965,2507158926,20_High,90.19334993408525
113,2020-06-17,1668870,932101,955541,912539,935585,16579885,-0.18841583999999997,2507158926,20_High,90.15913979323584
114,2020-06-18,1668870,935436,952087,912942,932131,12054415,-0.04014579,2507158926,20_High,89.82628957776014
115,2020-06-19,1668870,947491,962797,909799,920522,16165910,-0.11661036,2507158926,20_High,88.70756978868734
116,2020-06-22,1668870,922396,946246,910754,921974,10280521,-0.05494079,2507158926,20_High,88.84749408309112
117,2020-06-23,1668870,936770,958803,909109,947586,12743920,0.14635584,2507158926,20_High,91.3156352871339
118,2020-06-24,1668870,941193,969535,921549,935846,12470680,0.05051849,2507158926,20_High,90.18429147425469
119,2020-06-25,1668870,920294,940440,899694,908150,11440116,-0.44870803000000004,2507158926,20_High,87.51532228843678
120,2020-06-26,1668870,917762,926770,889959,905104,10169208,0.019476679999999996,2507158926,20_High,87.22178964328941
121,2020-06-29,1668870,890978,912655,875159,892065,9734781,-0.28918106,2507158926,20_High,85.96526562487954
122,2020-06-30,1668870,906587,915602,883225,896850,10602586,0.07640717999999999,2507158926,20_High,86.42637977689206
123,2020-07-01,1668870,906834,930639,890373,904753,14186137,0.18149178,2507158926,20_High,87.18796496881576
124,2020-07-02,1668870,918413,939234,868849,904721,13069532,0.19781611000000002,2507158926,20_High,87.18488123780963
125,2020-07-03,1668870,910205,916068,883009,895336,8063883,-0.04104098,2507158926,20_High,86.28048075366385
126,2020-07-06,1668870,896401,910783,875660,898796,10641333,0.17409597,2507158926,20_High,86.61390916870322
127,2020-07-07,1668870,910117,925747,886737,891933,12777809,-0.17421631999999998,2507158926,20_High,85.95254523447919
128,2020-07-08,1668870,893787,909265,872861,892254,10179449,-0.026660689999999994,2507158926,20_High,85.98347891113458
129,2020-07-09,1668870,896740,904359,873505,880918,11391487,-0.06134230000000001,2507158926,20_High,84.89106720220795
130,2020-07-10,1668870,879885,886904,853437,860205,11242655,-0.22613607,2507158926,20_High,82.89502594188708
131,2020-07-13,1668870,868609,889805,859460,876782,9542012,0.37476103,2507158926,20_High,84.4924949696638
132,2020-07-14,1668870,874226,884510,848374,856027,9745247,-0.18087153,2507158926,20_High,82.49240631239736
133,2020-07-15,1668870,866980,883289,858230,866493,12843791,0.19506615,2507158926,20_High,83.50097908459445
134,2020-07-16,1668870,872300,890956,861047,871268,9096672,0.07135804,2507158926,20_High,83.96112957066755
135,2020-07-17,1668870,873342,881912,850099,861380,7082656,-0.14822177,2507158926,20_High,83.00825668976896
136,2020-07-20,1668870,864230,875198,847840,860324,9996336,0.08655993999999999,2507158926,20_High,82.90649356656618
137,2020-07-21,1668870,866099,884797,846206,864357,11707262,0.13201251,2507158926,20_High,83.29514003993431
138,2020-07-22,1668870,873691,904824,859132,876219,15838740,0.07972731000000001,2507158926,20_High,84.43824057727444
139,2020-07-23,1668870,881412,887079,851762,863311,10706273,-0.20469262,2507158926,20_High,83.19434058267097
140,2020-07-24,1668870,851646,859042,839641,845698,8576793,-0.24045455999999998,2507158926,20_High,81.49703576357035
141,2020-07-27,1668870,851001,883171,848146,864884,8474354,0.17787068,2507158926,20_High,83.34592523494176
142,2020-07-28,1668870,869031,873879,848713,859158,11076221,-0.0586919,2507158926,20_High,82.79413011802981
143,2020-07-29,1668870,857246,866657,844536,861674,10834621,0.15689888,2507158926,20_High,83.0365884683879
144,2020-07-30,1668870,863427,882568,851199,867058,12732771,0.02425924,2507158926,20_High,83.55542621017169
145,2020-07-31,1668870,860777,880776,847491,861274,13439639,-0.15986398,2507158926,20_High,82.9980418308111
146,2020-08-03,1668870,857796,868871,832454,851260,10185460,-0.13106725000000002,2507158926,20_High,82.03302675907581
147,2020-08-04,1668870,856805,872703,842110,860052,12554612,0.11174110000000001,2507158926,20_High,82.88028185301395
148,2020-08-05,1668870,865400,887469,849806,875096,11571400,0.11520156000000001,2507158926,20_High,84.33002089227757
149,2020-08-06,1668870,879150,898298,859424,875664,19681763,0.16382643,2507158926,20_High,84.38475711763664
150,2020-08-07,1668870,881211,905343,868280,891101,15454663,0.09724847,2507158926,20_High,85.87236822831944
151,2020-08-10,1668870,896832,924568,882429,912289,18097614,0.29475193,2507158926,20_High,87.91418362076277
152,2020-08-11,1668870,922213,955471,908624,925151,24094509,0.30180394,2507158926,20_High,89.1536507520449
153,2020-08-12,1668870,925302,936233,898469,924768,22570511,0.15654772,2507158926,20_High,89.11674234656512
154,2020-08-13,1668870,930291,944127,909394,921934,21137161,0.0027290300000000073,2507158926,20_High,88.84363941933346
155,2020-08-14,1668870,924761,931388,891382,905166,15066189,-0.20219610999999998,2507158926,20_High,87.22776437211382
156,2020-08-18,1668870,898531,906237,850720,861681,18045216,-0.65517968,2507158926,20_High,83.03726303454549
157,2020-08-19,1668870,860987,877578,850358,862306,9846490,0.016096159999999998,2507158926,20_High,83.09749215575926
158,2020-08-20,1668870,866512,876104,821824,827312,16253771,-0.6109104,2507158926,20_High,79.72523956735253
159,2020-08-21,1668870,835082,853912,815592,833802,11302396,0.13222406,2507158926,20_High,80.35065876203619
160,2020-08-24,1668870,832599,841021,812107,832454,9667091,0.0030932900000000055,2507158926,20_High,80.22075659340236
161,2020-08-25,1668870,843840,863667,835835,854678,11729374,0.33775436,2507158926,20_High,82.3624077771696
162,2020-08-26,1668870,857549,861042,832951,845850,11386360,-0.11826151,2507158926,20_High,81.51168348584953
163,2020-08-27,1668870,846919,850501,826367,830958,12070596,-0.2277791,2507158926,20_High,80.07659216886512
164,2020-08-28,1668870,838837,864617,831402,844435,15643056,0.13147176,2507158926,20_High,81.37532475542159
165,2020-08-31,1668870,848556,863954,826310,835839,28220026,-0.0897517,2507158926,20_High,80.54695751389606
166,2020-09-01,1668870,835713,851010,825522,844954,11629492,0.11596707,2507158926,20_High,81.42533901767749
167,2020-09-02,1668870,849961,857446,838158,850425,9425607,0.06506252,2507158926,20_High,81.95256065313423
168,2020-09-03,1668870,855973,869804,844571,859481,9333295,0.06456495,2507158926,20_High,82.82525652787307
169,2020-09-04,1668870,833636,865798,830362,854242,12218383,-0.14585979,2507158926,20_High,82.32039194221088
170,2020-09-07,1668870,858746,921688,847033,900318,14433602,0.54924133,2507158926,20_High,86.76057912468296
171,2020-09-08,1668870,910160,922206,875193,881478,11956548,-0.16835118999999998,2507158926,20_High,84.94503249481548
172,2020-09-09,1668870,877966,906818,867879,881364,12673970,-0.10093003,2507158926,20_High,84.93404670310609
173,2020-09-10,1668870,894554,927493,883514,909884,12065954,0.23786913999999998,2507158926,20_High,87.68242196233223
174,2020-09-11,1668870,908732,920768,891426,905511,9216044,-0.02731794,2507158926,20_High,87.26101084702381
175,2020-09-14,1668870,912348,930129,900770,915329,9931689,0.20043758,2507158926,20_High,88.20713806634647
176,2020-09-15,1668870,922155,945490,906603,925044,9330907,0.06928279,2507158926,20_High,89.14333952649311
177,2020-09-16,1668870,921176,946527,910880,921086,8650220,-0.07161108,2507158926,20_High,88.76192054767063
178,2020-09-17,1668870,925306,929740,894551,904649,9245949,-0.19000955,2507158926,20_High,87.1779428430458
179,2020-09-18,1668870,909402,914663,888052,903744,9306486,0.006564739999999996,2507158926,20_High,87.09073107552828
180,2020-09-21,1668870,902258,913078,877494,885370,7476585,-0.20730136999999998,2507158926,20_High,85.32009127843779
181,2020-09-22,1668870,881339,891398,850921,861867,11351453,-0.39048948,2507158926,20_High,83.05518722101871
182,2020-09-23,1668870,866944,874765,830615,857941,10090873,-0.07225665,2507158926,20_High,82.67685197320237
183,2020-09-24,1668870,841744,854195,821327,831865,9569834,-0.37531595,2507158926,20_High,80.16399666957051
184,2020-09-25,1668870,837242,856779,826408,839316,8074535,0.14907198,2507158926,20_High,80.88202416103243
185,2020-09-28,1668870,846808,867091,840732,862631,5711602,0.28660682,2507158926,20_High,83.12881129879041
186,2020-09-29,1668870,873384,885029,859254,868089,9259965,0.09962805,2507158926,20_High,83.6547801685259
187,2020-10-05,1668870,874566,906081,862781,901095,12901320,0.43280924,2507158926,20_High,86.8354559681759
188,2020-10-06,1668870,904572,910927,883944,889101,11419559,-0.0813363,2507158926,20_High,85.67963504043541
189,2020-10-07,1668870,881481,916058,875018,911196,9209578,0.17472274000000002,2507158926,20_High,87.80885493358414
190,2020-10-08,1668870,915379,929238,904833,918359,12585352,0.11457848,2507158926,20_High,88.49912884599075
191,2020-10-12,1668870,924323,943706,909328,930037,11046782,0.15381555,2507158926,20_High,89.62449793004556
192,2020-10-13,1668870,938543,945880,915121,928570,8711727,-0.02250929,2507158926,20_High,89.48312813673263
193,2020-10-14,1668870,931246,934782,903503,911250,15341917,-0.23156438000000001,2507158926,20_High,87.814058729657
194,2020-10-15,1668870,909615,921086,886948,905785,11789845,-0.014429830000000001,2507158926,20_High,87.28741529376393
195,2020-10-16,1668870,905697,920772,888874,901225,11054122,-0.005743320000000003,2507158926,20_High,86.84798362538835
196,2020-10-19,1668870,905264,914874,885655,894855,14034745,0.12435674,2507158926,20_High,86.23412842197776
197,2020-10-20,1668870,886468,903427,874623,896466,10093206,-0.027122420000000005,2507158926,20_High,86.38937500481832
198,2020-10-21,1668870,897609,916007,888912,911249,13075735,0.29895861,2507158926,20_High,87.81396236306307
199,2020-10-22,1668870,906471,919819,892219,902990,18153796,0.01883497,2507158926,20_High,87.018070663696
200,2020-10-23,1668870,905063,918498,891126,908045,17162402,0.14018701,2507158926,20_High,87.50520379607288
201,2020-10-26,1668870,908654,921221,885268,890864,12866869,-0.27297337,2507158926,20_High,85.84952934555518
202,2020-10-27,1668870,880285,896528,867224,876640,14248201,-0.25817816,2507158926,20_High,84.47881091332403
203,2020-10-28,1668870,873490,896867,867717,892842,11966372,0.21927261,2507158926,20_High,86.04014246837248
204,2020-10-29,1668870,874348,895260,864535,886489,12626747,-0.15848489,2507158926,20_High,85.4279254970589
205,2020-10-30,1668870,884034,896694,858032,865598,16265067,-0.34965459,2507158926,20_High,83.41473098301636
206,2020-11-02,1668870,873815,897575,859920,890160,12488316,0.38492052,2507158926,20_High,85.78168726342001
207,2020-11-03,1668870,895279,922277,890121,910935,12667133,0.3018794,2507158926,20_High,87.78370325256529
208,2020-11-04,1668870,919678,925000,888054,897534,14094922,-0.16947621000000002,2507158926,20_High,86.49229452714839
209,2020-11-05,1668870,910770,934812,899807,926556,12525503,0.34011695999999997,2507158926,20_High,89.28904581653342
210,2020-11-06,1668870,932899,939434,915467,924546,9874440,-0.02677404,2507158926,20_High,89.09534896270999
211,2020-11-09,1668870,937148,962980,928074,954222,11047960,0.26926229,2507158926,20_High,91.95512400453309
212,2020-11-10,1668870,970196,985783,947363,977596,24193285,0.44510611,2507158926,20_High,94.20759677133364
213,2020-11-11,1668870,980025,1004203,958045,984495,21419614,0.27588277,2507158926,20_High,94.87242990293957
214,2020-11-12,1668870,987550,1004923,971763,991808,18358037,-0.03027467999999999,2507158926,20_High,95.57715880443749
215,2020-11-13,1668870,999393,1004938,962122,973377,13416942,-0.22925276,2507158926,20_High,93.80102611149229
216,2020-11-16,1668870,975252,1001958,964223,991993,14591839,0.23103175,2507158926,20_High,95.59498662431676
217,2020-11-17,1668870,998677,1009294,978363,988670,13761516,0.01545347,2507158926,20_High,95.27476043264747
218,2020-11-18,1668870,989389,1017979,983023,1004901,11213007,0.04176282,2507158926,20_High,96.83888661892023
219,2020-11-19,1668870,998237,1012344,982487,1001442,11258904,-0.09369626,2507158926,20_High,96.50555457047481
220,2020-11-20,1668870,999714,1007053,985113,996786,9984355,-0.00798811,2507158926,20_High,96.05687170908081
221,2020-11-23,1668870,996417,1005058,982343,999861,12182888,0.11515225,2507158926,20_High,96.35319898545251
222,2020-11-24,1668870,1009160,1024696,991765,1012723,14191549,0.17909358,2507158926,20_High,97.59266611673463
223,2020-11-25,1668870,1023919,1038157,992623,1009586,19693278,-0.024852240000000005,2507158926,20_High,97.29036411153855
224,2020-11-26,1668870,1010744,1029493,996145,1016298,14697508,0.011667829999999999,2507158926,20_High,97.93717669007732
225,2020-11-27,1668870,1013413,1026398,995709,1007556,17087783,-0.12227500000000001,2507158926,20_High,97.09473992583627
226,2020-11-30,1668870,1013916,1024746,986033,997742,51263126,-0.19841078,2507158926,20_High,96.14899817288938
227,2020-12-01,1668870,1003771,1027823,998466,1019125,15661925,0.21928736000000001,2507158926,20_High,98.20960505115139
228,2020-12-02,1668870,1035098,1081822,1024006,1072266,18681175,0.44049551000000003,2507158926,20_High,103.33062221982377
229,2020-12-03,1668870,1078956,1093244,1057256,1078430,13707421,0.05946293999999999,2507158926,20_High,103.92462590488232
230,2020-12-04,1668870,1079281,1095493,1054394,1062317,14375638,-0.13145592,2507158926,20_High,102.37187097669471
231,2020-12-07,1668870,1066283,1071986,1033788,1051041,13509603,-0.16029191,2507158926,20_High,101.28524126340459
232,2020-12-08,1668870,1050971,1062871,1036067,1043274,13224042,-0.13353072,2507158926,20_High,100.53676192825701
233,2020-12-09,1668870,1050146,1080692,1042064,1066419,13083471,0.21903916,2507158926,20_High,102.76716674504482
234,2020-12-10,1668870,1062884,1077451,1050723,1062904,20664424,0.04690839000000001,2507158926,20_High,102.42843816733867
235,2020-12-11,1668870,1076229,1112256,1067478,1091606,20484427,0.41176355,2507158926,20_High,105.19435214666224
236,2020-12-14,1668870,1091192,1100012,1068746,1077452,17392593,-0.12995521999999998,2507158926,20_High,103.83037937600703
237,2020-12-15,1668870,1079977,1092769,1055286,1074269,17255552,-0.031125300000000005,2507158926,20_High,103.5236445074896
238,2020-12-16,1668870,1078336,1091640,1063631,1077556,11504024,0.08209766,2507158926,20_High,103.840401501777
239,2020-12-17,1668870,1089463,1104201,1070805,1089629,13244969,-0.04474352000000001,2507158926,20_High,105.0038353904389
240,2020-12-18,1668870,1092521,1113027,1076777,1099195,13192590,0.011907359999999999,2507158926,20_High,105.92567822808816
241,2020-12-21,1668870,1102423,1106684,1073387,1084232,11147094,-0.03296976,2507158926,20_High,104.48374488293386
242,2020-12-22,1668870,1083689,1092890,1052253,1057574,10933484,-0.25662419000000003,2507158926,20_High,101.91480422162775
243,2020-12-23,1668870,1062040,1073495,1034703,1058576,11878522,-0.009936640000000004,2507158926,20_High,102.01136354875764
244,2020-12-24,1668870,1064131,1081332,1054712,1069251,12299482,0.20710505,2507158926,20_High,103.0400769390886
245,2020-12-28,1668870,1073950,1076500,1049018,1061531,21501071,-0.03145502,2507158926,20_High,102.29612683385629
246,2020-12-29,1668870,1053818,1081148,1039744,1064007,21130871,-0.39836071,2507158926,20_High,102.53473052045669
247,2020-12-30,1668870,1062013,1086086,1049173,1073179,14940731,0.07008343,2507158926,20_High,103.41860492009283
248,2021-01-04,876750,946840,995960,932560,985100,24028106,0.20213815999999998,2702551015,21_High,102.32903172953827
249,2021-01-05,876750,979750,1011770,967150,1003000,23403141,0.24469452,2702551015,21_High,104.18842637775543
250,2021-01-06,876750,1019770,1084890,1006910,1033740,31460424,0.08400026000000001,2702551015,21_High,107.38159908648146
251,2021-01-07,876750,1059830,1081110,1035410,1068860,33467380,0.41849422000000003,2702551015,21_High,111.02975216164275
252,2021-01-08,876750,1095310,1145620,1065420,1113270,52000550,0.21535881,2702551015,21_High,115.64292067154915
253,2021-01-11,876750,1136020,1188420,1084380,1117080,43713064,-0.1395656,2702551015,21_High,116.03869126427023
254,2021-01-12,876750,1105210,1125410,1055570,1095280,31888513,0.00857146,2702551015,21_High,113.7741771116929
255,2021-01-13,876750,1116490,1151740,1094650,1121920,32162105,0.23917963,2702551015,21_High,116.54145495686079
256,2021-01-14,876750,1121450,1154650,1100870,1117560,25417881,0.014802919999999999,2702551015,21_High,116.08855212634532
257,2021-01-15,876750,1124290,1146250,1093990,1097040,20905351,-0.20000362,2702551015,21_High,113.95700027263491
258,2021-01-18,876750,1085220,1104190,1058950,1076810,17588037,-0.22473593,2702551015,21_High,111.85557268976154
259,2021-01-19,876750,1083060,1131490,1067980,1124020,24847965,0.36181013,2702551015,21_High,116.75959622843935
260,2021-01-20,876750,1166070,1189510,1118470,1157450,41490437,0.10889517,2702551015,21_High,120.23219751837789
261,2021-01-21,876750,1172280,1202480,1160210,1186640,31548954,0.24372653,2702551015,21_High,123.26436119331974
262,2021-01-22,876750,1195280,1232910,1168370,1190000,25272141,-0.17182671,2702551015,21_High,123.61338722784542
263,2021-01-25,876750,1193330,1246350,1180600,1238050,25070406,0.24874691,2702551015,21_High,128.60466727515464
264,2021-01-26,876750,1244490,1256840,1201940,1210370,20853384,-0.22717673,2702551015,21_High,125.72935756215738
265,2021-01-27,876750,1224860,1252240,1189210,1201390,22911411,-0.05983508,2702551015,21_High,124.79654393416911
266,2021-01-28,876750,1171380,1217710,1159530,1189440,21519160,-0.18109002999999999,2702551015,21_High,123.55521622209116
267,2021-01-29,876750,1213870,1229180,1145030,1161510,30237931,-0.27725354,2702551015,21_High,120.65393731009641
268,2021-02-01,876750,1174820,1241050,1152290,1233960,35355334,0.59214301,2702551015,21_High,128.17981117955642
269,2021-02-02,876750,1256910,1284040,1222040,1246380,26433398,0.09587771,2702551015,21_High,129.46996098574957
270,2021-02-03,876750,1267250,1290190,1242180,1263290,47046443,0.16051541,2702551015,21_High,131.22651760593683
271,2021-02-04,876750,1262820,1279250,1230980,1246300,43766428,0.06863739000000002,2702551015,21_High,129.46165084207038
272,2021-02-05,876750,1260340,1280040,1203970,1241490,37621434,0.13641213,2702551015,21_High,128.9620034533595
273,2021-02-08,876750,1216840,1232560,1185100,1193740,48191655,-0.15717279999999997,2702551015,21_High,124.00188644484722
274,2021-02-09,876750,1200530,1227440,1186780,1196370,34810328,-0.04499589,2702551015,21_High,124.27508241830037
275,2021-02-10,876750,1208320,1230050,1187770,1219390,21813286,0.11219557,2702551015,21_High,126.66632626198523
276,2021-02-15,876750,1203930,1233899,1186740,1216940,19726924,-0.05411885999999999,2702551015,21_High,126.41182811181027
277,2021-02-16,876750,1228290,1251670,1212370,1230090,22193114,0.15887157,2702551015,21_High,127.77780797907594
278,2021-02-17,876750,1232030,1249410,1206730,1234430,27787904,0.07315981,2702551015,21_High,128.22863327367162
279,2021-02-18,876750,1236630,1253990,1210040,1216360,20394293,-0.14109565,2702551015,21_High,126.35157957013618
280,2021-02-19,876750,1214790,1236790,1187780,1224110,27238455,0.07042297,2702551015,21_High,127.15662473905702
281,2021-02-22,876750,1229790,1240340,1186520,1189820,18811019,-0.22180873,2702551015,21_High,123.59468940456726
282,2021-02-23,876750,1172480,1207180,1162529,1191280,17714050,0.05301893,2702551015,21_High,123.74634952671235
283,2021-02-24,876750,1196960,1204300,1138280,1139780,24591626,-0.30915943,2702551015,21_High,118.39669453323837
284,2021-02-25,876750,1166420,1182870,1142430,1170550,18251705,0.25716441,2702551015,21_High,121.59298354584409
285,2021-02-26,876750,1135600,1162239,1115940,1138100,29564494,-0.19381188,2702551015,21_High,118.22218151597552
286,2021-03-02,876750,1171360,1190850,1145880,1158080,18964621,0.10276726,2702551015,21_High,120.29763989985145
287,2021-03-03,876750,1157490,1195390,1146420,1189490,19589496,0.24933079,2702551015,21_High,123.56041006189065
288,2021-03-04,876750,1173770,1203050,1161740,1172080,29841159,-0.0034808200000000025,2702551015,21_High,121.75191504370846
289,2021-03-05,876750,1154580,1171600,1118350,1140800,26229716,-0.14295401,2702551015,21_High,118.50264886514796
290,2021-03-08,876750,1144930,1159720,1103510,1116170,29377116,0.15078849,2702551015,21_High,115.94416337991953
291,2021-03-09,876750,1113180,1127030,1070670,1099340,33908551,0.05112597000000001,2702551015,21_High,114.19591690341142
292,2021-03-10,876750,1124100,1132510,1086070,1094740,19437472,-0.17725835,2702551015,21_High,113.7180836418584
293,2021-03-11,876750,1098030,1136270,1088110,1120860,21018330,0.16871294,2702551015,21_High,116.43134555311161
294,2021-03-12,876750,1151570,1163650,1121759,1135230,14910693,0.05576456999999999,2702551015,21_High,117.92405511148485
295,2021-03-15,876750,1135850,1145440,1109879,1122090,18544602,0.09534576,2702551015,21_High,116.55911401217907
296,2021-03-16,876750,1111820,1125220,1097690,1108730,13343481,-0.07244176,2702551015,21_High,115.17132001775552
297,2021-03-17,876750,1108530,1117350,1086290,1102300,12539143,-0.042381810000000006,2702551015,21_High,114.5033922195412
298,2021-03-18,876750,1116770,1152090,1102819,1127350,22958138,0.184927,2702551015,21_High,117.10550595908533
299,2021-03-19,876750,1110430,1140340,1100329,1125990,27429673,0.06726478,2702551015,21_High,116.96423351653922
300,2021-03-22,876750,1125460,1133090,1096310,1108710,16591495,-0.08677449000000001,2702551015,21_High,115.16924248183571
301,2021-03-23,876750,1112869,1119840,1080520,1086900,18904069,-0.28117441000000004,2702551015,21_High,112.90368956129848
302,2021-03-24,876750,1074360,1096340,1062510,1089000,16868206,-0.07200803,2702551015,21_High,113.12183083287704
303,2021-03-25,876750,1084310,1113630,1076230,1099920,16411682,0.13516945,2702551015,21_High,114.2561654450855
304,2021-03-26,876750,1111820,1131600,1097620,1124790,14973990,0.14254938,2702551015,21_High,116.83958136135149
305,2021-03-29,876750,1128459,1132040,1096300,1103260,13511401,-0.07037946,2702551015,21_High,114.60311394369138
306,2021-03-30,876750,1110910,1155420,1107140,1144190,15383216,0.28202638,2702551015,21_High,118.85479120355333
307,2021-03-31,876750,1149640,1159470,1129660,1141780,14368866,0.015174130000000001,2702551015,21_High,118.60444812521796
308,2021-04-01,876750,1151909,1192850,1141950,1168730,14496493,0.07954822999999998,2702551015,21_High,121.40392777714268
309,2021-04-02,876750,1180180,1188140,1156480,1168530,16613178,-0.09628612,2702551015,21_High,121.38315241794473
310,2021-04-05,876750,1169000,1172769,1144320,1152420,9084915,-0.03033457,2702551015,21_High,119.70969723454927
311,2021-04-06,876750,1160010,1180370,1138800,1159180,10180194,0.055502029999999994,2702551015,21_High,120.41190437544023
312,2021-04-07,876750,1160860,1182190,1148440,1159750,11648946,0.09507542,2702551015,21_High,120.47111414915439
313,2021-04-08,876750,1160870,1183090,1141290,1169080,12770578,0.016967350000000003,2702551015,21_High,121.4402846557391
314,2021-04-09,876750,1171650,1192030,1159690,1176820,10497999,-0.004088590000000002,2702551015,21_High,122.24429105670005
315,2021-04-12,876750,1225750,1243350,1203310,1210120,11583032,0.13539980999999998,2702551015,21_High,125.70338836315993
316,2021-04-13,876750,1211560,1239450,1199499,1229120,13018939,0.06393946,2702551015,21_High,127.67704748696586
317,2021-04-14,876750,1232710,1245010,1217770,1225500,11311145,-0.04048453,2702551015,21_High,127.30101348548284
318,2021-04-15,876750,1226990,1240250,1204990,1216460,12194472,-0.016128870000000003,2702551015,21_High,126.36196724973516
319,2021-04-16,876750,1226110,1234120,1214630,1218120,17453339,-0.04951878,2702551015,21_High,126.53440273107822
320,2021-04-19,876750,1221030,1232870,1208550,1217040,10981955,-0.02284737,2702551015,21_High,126.42221579140924
321,2021-04-20,876750,1215670,1227770,1206750,1218800,10073305,0.09148795,2702551015,21_High,126.60503895235126
322,2021-04-21,876750,1216440,1230160,1193600,1208160,14006207,-0.09327898,2702551015,21_High,125.49978984301995
323,2021-04-22,876750,1216500,1223920,1199840,1207490,13045656,0.060366249999999996,2702551015,21_High,125.43019238970679
324,2021-04-23,876750,1195740,1219940,1183280,1205660,18361285,0.025446829999999997,2702551015,21_High,125.24009785304548
325,2021-04-26,876750,1211040,1222870,1195260,1210870,20370782,0.1387025,2702551015,21_High,125.78129596015226
326,2021-04-27,876750,1214130,1226480,1198980,1216650,15993955,0.19262521999999999,2702551015,21_High,126.38170384097323
327,2021-04-28,876750,1216520,1220550,1186170,1189960,16084868,-0.09265606000000001,2702551015,21_High,123.60923215600583
328,2021-04-29,876750,1192180,1217790,1176970,1189650,14717499,-0.03866293,2702551015,21_High,123.577030349249
329,2021-04-30,876750,1191570,1195820,1159480,1168180,21619304,-0.02537362,2702551015,21_High,121.3467955393483
330,2021-05-03,876750,1174790,1191740,1146110,1155710,14994336,-0.08437937,2702551015,21_High,120.05145189335566
331,2021-05-04,876750,1162720,1199100,1145870,1181770,12812758,0.1081182,2702551015,21_High,122.75848119684949
332,2021-05-06,876750,1175720,1204410,1168610,1195810,19842353,0.33359642,2702551015,21_High,124.2169114125461
333,2021-05-07,876750,1197950,1218030,1186630,1201980,13161560,0.1056117,2702551015,21_High,124.85783124380308
334,2021-05-10,876750,1214900,1227990,1195360,1211760,15503584,0.19240904,2702551015,21_High,125.87374630858316
335,2021-05-11,876750,1199300,1209830,1169340,1182970,20304029,0.11011406999999998,2702551015,21_High,122.88313335203722
336,2021-05-12,876750,1183960,1193610,1146800,1163450,21382806,-0.17052757999999998,2702551015,21_High,120.8554582943166
337,2021-05-13,876750,1144300,1174840,1130820,1142830,21574060,0.019959580000000005,2702551015,21_High,118.71351876100722
338,2021-05-14,876750,1151960,1175420,1143280,1162640,12159676,-0.004602330000000006,2702551015,21_High,120.77131808956487
339,2021-05-17,876750,1174300,1185800,1156140,1166370,10782427,-0.02461717,2702551015,21_High,121.1587785386068
340,2021-05-18,876750,1176400,1191590,1168250,1181320,12164862,0.15999479,2702551015,21_High,122.71173663865409
341,2021-05-20,876750,1181650,1192600,1163170,1177540,13600957,-0.15448186,2702551015,21_High,122.3190823498127
342,2021-05-21,876750,1187130,1201100,1167330,1185330,17735050,-0.16754886,2702551015,21_High,123.12828259057314
343,2021-05-24,876750,1181850,1191210,1162230,1170630,10975672,0.06681725,2702551015,21_High,121.60129368952329
344,2021-05-25,876750,1176550,1185920,1165490,1182430,10975746,0.12224414,2702551015,21_High,122.82703988220274
345,2021-05-26,876750,1183370,1202580,1175460,1184350,9982395,0.031893160000000004,2702551015,21_High,123.02648333050314
346,2021-05-27,876750,1188000,1197910,1163760,1174390,16904927,-0.05994433999999999,2702551015,21_High,121.99187044244486
347,2021-05-28,876750,1184960,1197900,1168470,1182810,14972894,0.12245559,2702551015,21_High,122.86651306467886
348,2021-05-31,876750,1185860,1195760,1165300,1181050,12298200,0.030833070000000004,2702551015,21_High,122.68368990373683
349,2021-06-01,876750,1180640,1201320,1175450,1188580,9479758,0.03188185,2702551015,21_High,123.46588217753992
350,2021-06-02,876750,1191820,1202140,1178600,1189250,12017019,-0.01684343,2702551015,21_High,123.53547963085309
351,2021-06-03,876750,1188880,1205540,1184000,1194870,9993090,-0.00577301,2702551015,21_High,124.11926722431568
352,2021-06-04,876750,1189950,1204080,1178720,1190380,14682012,0.03165767,2702551015,21_High,123.65286041032155
353,2021-06-07,876750,1198560,1209100,1187780,1200410,11256234,0.07935285,2702551015,21_High,124.69474467409911
354,2021-06-08,876750,1198050,1207920,1188390,1195670,10071841,-0.018940810000000002,2702551015,21_High,124.20236866110753
355,2021-06-09,876750,1193480,1211100,1185810,1192500,12071392,-0.08909376999999999,2702551015,21_High,123.87307921781989
356,2021-06-10,876750,1202520,1231060,1184380,1213400,14432804,0.0002091200000000036,2702551015,21_High,126.04410425400643
357,2021-06-11,876750,1224100,1238800,1205630,1222240,11898277,0.00028065999999999855,2702551015,21_High,126.96237513055613
358,2021-06-14,876750,1228880,1247290,1214510,1236580,12431970,-0.06930313,2702551015,21_High,128.45196838504967
359,2021-06-15,876750,1239110,1254530,1224570,1245980,10569560,0.015105480000000011,2702551015,21_High,129.42841026735366
360,2021-06-16,876750,1242420,1264040,1233930,1250030,12999792,0.16112442,2702551015,21_High,129.8491112911123
361,2021-06-17,876750,1244920,1261360,1231200,1242060,11691441,-0.03870894,2702551015,21_High,129.0212132270737
362,2021-06-18,876750,1244140,1258070,1229370,1242640,13921039,-0.08379934,2702551015,21_High,129.08146176874777
363,2021-06-21,876750,1231250,1242680,1215340,1226610,14546977,-0.24534228,2702551015,21_High,127.4163167290315
364,2021-06-22,876750,1237490,1247630,1222220,1228630,12231311,0.19327506,2702551015,21_High,127.62614785693087
365,2021-06-23,876750,1236070,1286970,1227080,1277900,12550052,0.07102939999999999,2702551015,21_High,132.74415759534764
366,2021-06-24,876750,1286570,1320010,1264200,1286720,14891879,0.07609708,2702551015,21_High,133.66035093597753
367,2021-06-25,876750,1294700,1302140,1265550,1280160,14100079,0.14727034,2702551015,21_High,132.97891915428454
368,2021-06-28,876750,1275820,1289010,1259760,1267380,10435076,-0.04003016,2702551015,21_High,131.65137370153508
369,2021-06-29,876750,1269250,1274370,1252660,1261810,10153154,-0.08472455,2702551015,21_High,131.07277994787196
370,2021-06-30,876750,1263780,1295460,1256310,1281460,9273889,0.06088858,2702551015,21_High,133.11395898907125
371,2021-07-01,876750,1282840,1294480,1236340,1243780,16116655,-0.18957506999999998,2702551015,21_High,129.19988131617612
372,2021-07-02,876750,1240610,1261950,1229370,1244080,12314482,0.02548137,2702551015,21_High,129.23104435497305
373,2021-07-05,876750,1248920,1258970,1234940,1239740,8681506,-0.06145442,2702551015,21_High,128.7802190603774
374,2021-07-06,876750,1244650,1254790,1238610,1246740,8855580,0.061015080000000006,2702551015,21_High,129.50735663230589
375,2021-07-07,876750,1243800,1254260,1231990,1244980,12435958,-0.10913341000000001,2702551015,21_High,129.32453347136385
376,2021-07-08,876750,1247910,1268550,1237030,1241080,12729658,-0.07630611,2702551015,21_High,128.9194139670037
377,2021-07-09,876750,1231810,1245340,1208930,1230690,16700168,-0.15572507,2702551015,21_High,127.84013405666983
378,2021-07-12,876750,1241310,1255910,1230830,1246050,8837336,0.16658059,2702551015,21_High,129.43568164307294
379,2021-07-13,876750,1252240,1281940,1246290,1275990,9817981,0.15339984,2702551015,21_High,132.54575291500714
380,2021-07-14,876750,1268050,1281140,1258550,1271860,9016886,-0.08483486,2702551015,21_High,132.1167417475693
381,2021-07-15,876750,1271320,1285490,1260290,1273980,8591856,0.05998293,2702551015,21_High,132.33696055506766
382,2021-07-16,876750,1270270,1286770,1254720,1265550,9638528,-0.05799349,2702551015,21_High,131.46127916487376
383,2021-07-19,876750,1253710,1264510,1242140,1249490,7598849,-0.11104286000000001,2702551015,21_High,129.7930178212778
384,2021-07-20,876750,1231480,1256220,1221830,1244760,10831009,-0.09180933,2702551015,21_High,129.30168057624613
385,2021-07-21,876750,1254940,1265770,1230820,1232400,9456756,-0.0172967,2702551015,21_High,128.01776337781237
386,2021-07-22,876750,1244010,1267420,1234480,1257170,17322010,0.2025769,2702551015,21_High,130.59079161447934
387,2021-07-23,876750,1263970,1284410,1251670,1272390,19452943,0.16884717,2702551015,21_High,132.1717964494439
388,2021-07-26,876750,1282110,1289390,1254580,1260610,10879817,-0.10553351999999999,2702551015,21_High,130.94812779268423
389,2021-07-27,876750,1270630,1286670,1259270,1261990,9007713,-0.003698229999999994,2702551015,21_High,131.09147777115012
390,2021-07-28,876750,1254410,1269000,1245410,1257870,12909577,0.11203921,2702551015,21_High,130.66350537167222
391,2021-07-29,876750,1263330,1270070,1248950,1253790,10021141,0.04481261,2702551015,21_High,130.23968804403387
392,2021-07-30,876750,1249510,1255140,1229440,1232540,14084047,-0.12486395,2702551015,21_High,128.03230612925094
393,2021-08-02,876750,1228110,1246770,1214700,1238820,8933605,-0.020376709999999996,2702551015,21_High,128.6846524080668
394,2021-08-03,876750,1243010,1248540,1217660,1231920,8954859,-0.08385945,2702551015,21_High,127.96790251573726
395,2021-08-04,876750,1225610,1243900,1203020,1234780,11347254,0.09590533,2702551015,21_High,128.26499015226804
396,2021-08-05,876750,1237480,1258780,1226860,1236210,9062567,-0.08270343,2702551015,21_High,128.41353397053342
397,2021-08-06,876750,1238140,1253230,1231040,1241770,7811150,0.02016661,2702551015,21_High,128.99108895623667
398,2021-08-09,876750,1234530,1255330,1220930,1241480,10342484,0.0253391,2702551015,21_High,128.9609646853996
399,2021-08-10,876750,1240590,1258160,1226990,1239360,8976571,-0.05926208,2702551015,21_High,128.74074587790128
400,2021-08-11,876750,1239920,1255110,1230280,1241970,12379905,0.06434056,2702551015,21_High,129.01186431543462
401,2021-08-12,876750,1250250,1258870,1227370,1234770,14119326,0.0052117299999999995,2702551015,21_High,128.26395138430814
402,2021-08-13,876750,1246120,1257250,1217390,1229860,10716888,-0.06028253,2702551015,21_High,127.75391631599831
403,2021-08-17,876750,1228930,1237940,1190110,1201140,10930917,-0.24332324,2702551015,21_High,124.77057473517164
404,2021-08-18,876750,1200770,1221200,1185760,1210870,8005534,0.06566527,2702551015,21_High,125.78129596015226
405,2021-08-19,876750,1206030,1216970,1175780,1178310,12133198,-0.39814559,2702551015,21_High,122.39906748272482
406,2021-08-20,876750,1181140,1201650,1160780,1175180,13075588,-0.17812339,2702551015,21_High,122.07393311127679
407,2021-08-23,876750,1204160,1227730,1184970,1200230,9791464,0.17588794,2702551015,21_High,124.67604685082094
408,2021-08-24,876750,1216220,1226370,1189640,1208760,10092880,0.21791876,2702551015,21_High,125.56211592061382
409,2021-08-25,876750,1206660,1221760,1192410,1207010,7848659,0.09844682,2702551015,21_High,125.38033152763168
410,2021-08-26,876750,1206510,1216310,1187160,1195860,10965759,0.00022842999999999475,2702551015,21_High,124.22210525234559
411,2021-08-27,876750,1192040,1202380,1180000,1193830,8649773,0.05128566,2702551015,21_High,124.01123535648631
412,2021-08-30,876750,1205540,1211740,1188470,1197560,8092077,-0.08397952,2702551015,21_High,124.3986958055282
413,2021-08-31,876750,1198830,1228330,1189900,1227050,12539868,0.18355441,2702551015,21_High,127.462022519267
414,2021-09-01,876750,1230220,1244780,1215050,1230140,7807525,0.058827500000000005,2702551015,21_High,127.78300181887545
415,2021-09-02,876750,1234110,1245100,1216790,1225620,8680078,-0.07942641,2702551015,21_High,127.3134787010016
416,2021-09-03,876750,1227950,1247070,1222620,1242870,6638270,0.05488955,2702551015,21_High,129.10535343182542
417,2021-09-06,876750,1243870,1256200,1230210,1248000,11020311,0.06858695000000001,2702551015,21_High,129.638241395253
418,2021-09-07,876750,1241800,1249320,1229470,1235480,6736664,-0.06279891,2702551015,21_High,128.3377039094609
419,2021-09-08,876750,1222980,1239040,1188520,1202090,13868527,-0.12664184,2702551015,21_High,124.86925769136195
420,2021-09-09,876750,1190930,1206590,1175650,1180240,15654118,-0.12685574,2702551015,21_High,122.59954969898513
421,2021-09-10,876750,1182600,1207420,1169710,1192890,11871406,0.04227852,2702551015,21_High,123.9135911682559
422,2021-09-13,876750,1186170,1206840,1178790,1193660,7393064,0.06143594,2702551015,21_High,123.99357630116805
423,2021-09-14,876750,1192880,1211550,1178520,1201230,12905174,0.13818519,2702551015,21_High,124.77992364681072
424,2021-09-15,876750,1203960,1226970,1182250,1198630,9000669,-0.006052669999999994,2702551015,21_High,124.50984397723728
425,2021-09-16,876750,1208760,1219520,1179570,1186400,12973008,-0.019874419999999997,2702551015,21_High,123.23943076228221
426,2021-09-17,876750,1186970,1200660,1171570,1191230,9766554,-0.04107829,2702551015,21_High,123.74115568691286
427,2021-09-23,876750,1177870,1197910,1170140,1189850,9804335,-0.08031416,2702551015,21_High,123.59780570844696
428,2021-09-24,876750,1194020,1209280,1180410,1197310,11300682,0.11266131000000001,2702551015,21_High,124.37272660653076
429,2021-09-27,876750,1193090,1205770,1183870,1194740,7578987,0.03150534,2702551015,21_High,124.10576324083702
430,2021-09-28,876750,1198920,1209780,1175720,1191160,17774453,0.1020065,2702551015,21_High,123.73388431119359
431,2021-09-29,876750,1169250,1199560,1162620,1189770,14807686,0.004409909999999998,2702551015,21_High,123.58949556476777
432,2021-09-30,876750,1186370,1210510,1176630,1198850,12083913,0.14989718999999999,2702551015,21_High,124.53269687235505
433,2021-10-01,876750,1193570,1199970,1171110,1181120,11132360,-0.16753043,2702551015,21_High,122.69096127945613
434,2021-10-05,876750,1172110,1191080,1154340,1170910,14169086,0.04617518,2702551015,21_High,121.63037919240041
435,2021-10-06,876750,1177000,1195030,1152840,1155880,13822664,-0.17815625999999998,2702551015,21_High,120.06911094867392
436,2021-10-07,876750,1170230,1194190,1147710,1179710,11405781,0.14279058,2702551015,21_High,122.54449499711053
437,2021-10-08,876750,1186810,1193170,1160990,1167560,10750886,-0.12473616,2702551015,21_High,121.28239192583463
438,2021-10-12,876750,1162800,1181080,1140010,1158920,12443109,-0.02727048,2702551015,21_High,120.38489640848286
439,2021-10-13,876750,1159600,1188220,1157250,1180190,9710425,0.10311709000000001,2702551015,21_High,122.59435585918564
440,2021-10-14,876750,1193260,1207870,1176920,1199840,9145753,0.04035325,2702551015,21_High,124.63553490038493
441,2021-10-15,876750,1204030,1211950,1186050,1192650,8851168,0.07228026,2702551015,21_High,123.88866073721836
442,2021-10-18,876750,1196320,1208620,1179870,1196120,8692079,0.11060095,2702551015,21_High,124.24911321930293
443,2021-10-19,876750,1203670,1215010,1187870,1203910,6942347,0.05209319,2702551015,21_High,125.05831346006335
444,2021-10-20,876750,1211700,1224020,1200360,1204030,10224171,0.014094150000000003,2702551015,21_High,125.07077867558212
445,2021-10-21,876750,1204260,1215920,1190050,1203440,12890935,-0.01827633,2702551015,21_High,125.00949136594815
446,2021-10-22,876750,1202480,1208410,1185820,1197020,7745854,-0.01693588,2702551015,21_High,124.34260233569373
447,2021-10-25,876750,1196330,1210550,1176720,1196880,10153632,0.06860245,2702551015,21_High,124.32805958425514
448,2021-10-26,876750,1200980,1219470,1191880,1210300,9984977,0.04338811,2702551015,21_High,125.72208618643808
449,2021-10-27,876750,1211300,1218320,1195000,1200500,8956180,-0.10443842,2702551015,21_High,124.70409358573818
450,2021-10-28,876750,1205670,1211680,1181620,1183870,12997569,-0.16272455,2702551015,21_High,122.97662246842805
451,2021-10-29,876750,1187030,1196290,1165050,1169720,10662253,-0.13206153,2702551015,21_High,121.50676580517256
452,2021-11-01,876750,1171140,1185760,1158870,1167530,7286561,-0.02679493,2702551015,21_High,121.27927562195492
453,2021-11-02,876750,1171600,1200670,1169440,1186100,8287415,0.11444932000000001,2702551015,21_High,123.20826772348525
454,2021-11-03,876750,1188060,1192830,1163830,1168560,7987900,-0.21862613,2702551015,21_High,121.38626872182441
455,2021-11-04,876750,1182830,1197750,1167370,1177080,8791123,0.03737126,2702551015,21_High,122.27129902365739
456,2021-11-05,876750,1180920,1188740,1153960,1166560,12157239,-0.15608216,2702551015,21_High,121.17851512984484
457,2021-11-08,876750,1174440,1177400,1150760,1163220,6398336,0.05402718,2702551015,21_High,120.83156663123896
458,2021-11-09,876750,1163460,1182200,1151510,1166660,7509230,-0.05220818,2702551015,21_High,121.18890280944383
459,2021-11-10,876750,1159420,1166800,1139910,1147210,6835850,-0.13773264999999998,2702551015,21_High,119.16849912744247
460,2021-11-11,876750,1143200,1153190,1126130,1133370,8353082,-0.06906419,2702551015,21_High,117.73084427094385
461,2021-11-12,876750,1140400,1168110,1129900,1159020,7672711,0.24686538,2702551015,21_High,120.39528408808187
462,2021-11-15,876750,1157670,1170260,1150880,1163580,6463960,-0.00283254,2702551015,21_High,120.86896227779529
463,2021-11-16,876750,1163250,1182590,1151960,1160290,7740476,0.015131789999999999,2702551015,21_High,120.52720761898887
464,2021-11-17,876750,1170490,1175180,1144400,1149200,7975282,-0.15941959,2702551015,21_High,119.37521395146216
465,2021-11-18,876750,1152520,1163300,1134180,1141950,7374714,-0.05271602,2702551015,21_High,118.6221071805362
466,2021-11-19,876750,1140190,1156340,1133170,1138490,6753144,-0.0015746100000000023,2702551015,21_High,118.26269346641153
467,2021-11-22,876750,1134040,1156420,1127490,1150930,8085029,0.047457889999999996,2702551015,21_High,119.55492080852449
468,2021-11-23,876750,1137170,1156130,1128720,1135770,11388250,0.002739020000000005,2702551015,21_High,117.98014858131933
469,2021-11-24,876750,1136280,1160920,1125320,1148170,15611247,0.10671208,2702551015,21_High,119.26822085159267
470,2021-11-25,876750,1150710,1165870,1137840,1152950,6697228,0.0051011400000000005,2702551015,21_High,119.76475193642386
471,2021-11-26,876750,1148620,1150880,1114760,1121290,9614801,-0.27848937,2702551015,21_High,116.47601257538722
472,2021-11-29,876750,1102620,1124840,1090380,1108810,9824722,-0.19576657,2702551015,21_High,115.17963016143469
473,2021-11-30,876750,1118910,1129550,1078090,1089980,19574264,-0.33227641,2702551015,21_High,113.22363009294702
474,2021-12-01,876750,1095920,1121580,1084700,1108940,10109861,0.19504093,2702551015,21_High,115.19313414491337
475,2021-12-02,876750,1094270,1132780,1087460,1131090,8543326,0.22565902000000002,2702551015,21_High,117.49400517608713
476,2021-12-03,876750,1133490,1149920,1122280,1144360,8769666,0.2644212,2702551015,21_High,118.87245025887158
477,2021-12-06,876750,1142200,1148060,1117500,1135330,6841416,0.02380525,2702551015,21_High,117.93444279108382
478,2021-12-07,876750,1130510,1139860,1121690,1133250,6832471,0.01984722,2702551015,21_High,117.71837905542506
479,2021-12-08,876750,1142530,1160430,1135480,1141500,7906842,-0.0008733599999999988,2702551015,21_High,118.5753626223408
480,2021-12-09,876750,1143120,1155660,1133730,1147270,10208145,0.06670391,2702551015,21_High,119.17473173520187
481,2021-12-10,876750,1140650,1161220,1135390,1153390,6771426,0.03547285,2702551015,21_High,119.81045772665937
482,2021-12-13,876750,1159460,1170950,1144790,1148490,7689461,0.007121839999999997,2702551015,21_High,119.30146142630942
483,2021-12-14,876750,1140370,1153030,1130110,1141280,7143899,-0.049422930000000004,2702551015,21_High,118.55250972722304
484,2021-12-15,876750,1135420,1142060,1122150,1129070,4690319,-0.04481371000000001,2702551015,21_High,117.28417404818777
485,2021-12-16,876750,1135650,1166870,1125180,1150590,7811104,0.14410299000000001,2702551015,21_High,119.51960269788795
486,2021-12-17,876750,1146240,1168800,1138870,1158820,12168608,0.19548002,2702551015,21_High,120.37450872888388
487,2021-12-20,876750,1149050,1159240,1124960,1129150,7910040,-0.20737281,2702551015,21_High,117.29248419186695
488,2021-12-21,876750,1131150,1144030,1118010,1127620,8845659,0.08044963999999999,2702551015,21_High,117.13355269400256
489,2021-12-22,876750,1130970,1139950,1117920,1125870,6391912,-0.01322332,2702551015,21_High,116.95176830102045
490,2021-12-23,876750,1131650,1138010,1121090,1129590,7003701,0.04668064,2702551015,21_High,117.33818998210246
491,2021-12-24,876750,1131680,1156450,1129010,1143320,7610918,0.05437901,2702551015,21_High,118.76441839104221
492,2021-12-27,876750,1144510,1155620,1133030,1140060,7565340,-0.0405248,2702551015,21_High,118.4257800361155
493,2021-12-28,876750,1139830,1153090,1132680,1146090,15967022,0.06670426,2702551015,21_High,119.05215711593394
494,2021-12-29,876750,1142660,1161670,1126190,1148990,13831442,-0.25819261,2702551015,21_High,119.3533998243043
495,2021-12-30,876750,1146100,1156170,1127500,1138480,7677445,-0.07008017,2702551015,21_High,118.26165469845165
496,2022-01-03,876750,1144520,1166950,1139330,1150580,6608917,0.03767046,2702739134,21_High,119.52688337056144
497,2022-01-04,876750,1152820,1163380,1135700,1149180,8735774,0.08752733,2702739134,21_High,119.3814457332665
498,2022-01-05,876750,1142230,1157320,1125300,1134770,13600403,0.0014286400000000053,2702739134,21_High,117.88447690939525
499,2022-01-06,876750,1116330,1133550,1098110,1104860,9527955,-0.17287155,2702739134,21_High,114.777305672616
500,2022-01-07,876750,1107210,1122290,1097350,1106990,8913856,0.04976564,2702739134,21_High,114.99857864935754
501,2022-01-10,876750,1109900,1122860,1089000,1102960,12744814,0.11520312999999999,2702739134,21_High,114.57992602200144
502,2022-01-11,876750,1103920,1120850,1086330,1096390,12800328,-0.003651009999999998,2702739134,21_High,113.89740796698173
503,2022-01-12,876750,1109750,1152780,1107200,1144260,13638228,0.27818964,2702739134,21_High,118.87033632220152
504,2022-01-13,876750,1150460,1163310,1138410,1147870,11620754,0.06218994,2702739134,21_High,119.24535765836912
505,2022-01-14,876750,1130870,1144780,1119780,1133620,9293249,-0.09778049,2702739134,21_High,117.76501027876014
506,2022-01-17,876750,1131370,1145620,1120000,1130700,22114652,-0.11813024,2702739134,21_High,117.46166892097361
507,2022-01-18,876750,1134670,1153620,1115330,1129030,7995326,-0.03209705,2702739134,21_High,117.2881825964861
508,2022-01-19,876750,1116830,1136920,1097370,1109490,10949566,-0.06767073,2702739134,21_High,115.2582887159556
509,2022-01-20,876750,1110380,1128930,1094540,1114830,9624570,-0.05991507,2702739134,21_High,115.81302941820908
510,2022-01-21,876750,1101850,1117430,1080360,1096440,9047344,-0.028053210000000002,2702739134,21_High,113.90260216831369
511,2022-01-24,876750,1088770,1098670,1067590,1078640,8755644,-0.17652241,2702739134,21_High,112.05346649413545
512,2022-01-25,876750,1077760,1083390,1031530,1045570,12659059,-0.37898087,2702739134,21_High,108.61802173317623
513,2022-01-26,876750,1046850,1059380,1027790,1034370,9053677,0.05634752,2702739134,21_High,107.45452063481689
514,2022-01-27,876750,1030930,1046490,989900,995730,15552570,-0.30682151,2702739134,21_High,103.44044184547718
515,2022-01-28,876750,988220,1026210,965090,1017350,10982841,0.19949569,2702739134,21_High,105.68641450141725
516,2022-02-03,876750,1045610,1056630,1029560,1035590,9941314,0.09269461000000001,2702739134,21_High,107.58125914731676
517,2022-02-04,876750,1036820,1062200,1030650,1055980,7804890,0.24466601999999998,2702739134,21_High,109.69945445049059
518,2022-02-07,876750,1061230,1063130,1035540,1051730,8312703,0.016914270000000002,2702739134,21_High,109.25794733727388
519,2022-02-08,876750,1058750,1063810,1023580,1030890,9027333,-0.11620370000000001,2702739134,21_High,107.09300422211238
520,2022-02-09,876750,1040930,1049890,1030270,1046130,11085713,0.22388926,2702739134,21_High,108.67619678809419
521,2022-02-10,876750,1051210,1069480,1035770,1048870,11270444,-0.005490430000000001,2702739134,21_High,108.96083902108569
522,2022-02-11,876750,1033910,1051210,1026280,1038870,10995292,-0.08115495,2702739134,21_High,107.92199875469342
523,2022-02-14,876750,1027180,1038250,1010030,1024980,8928534,-0.14310855,2702739134,21_High,106.47904962467456
524,2022-02-15,876750,1026320,1033290,1006990,1013510,7898444,-0.12924727,2702739134,21_High,105.28749983912262
525,2022-02-16,876750,1029510,1039770,1019160,1031620,7976336,0.19047276,2702739134,21_High,107.16883956155903
526,2022-02-17,876750,1035410,1055400,1022610,1041430,9610226,0.06738558,2702739134,21_High,108.18794186288983
527,2022-02-18,876750,1026710,1040210,1020410,1032790,6225052,-0.07886201,2702739134,21_High,107.29038387272692
528,2022-02-21,876750,1013240,1034050,1004470,1030070,6081695,-0.05771275,2702739134,21_High,107.00781932026821
529,2022-02-22,876750,1008590,1020760,1000430,1009980,7875611,-0.202158,2702739134,21_High,104.92078922508617
530,2022-02-23,876750,1017870,1028950,1004970,1012400,5663530,0.039210629999999996,2702739134,21_High,105.17218856955309
531,2022-02-24,876750,999820,1009800,978040,988010,11798978,-0.23648948,2702739134,21_High,102.63845715982234
532,2022-02-25,876750,999930,1015810,985670,1002210,10086243,0.0010230800000000043,2702739134,21_High,104.11361033809936
533,2022-02-28,876750,999900,1019130,992630,1013030,10147530,0.14592841,2702739134,21_High,105.2376355063358
534,2022-03-02,876750,1014170,1030830,1000910,1018840,12527276,-0.13925073999999998,2702739134,21_High,105.84120170110971
535,2022-03-03,876750,1034380,1051300,1024370,1036260,9703558,0.20291848,2702739134,21_High,107.65086144516502
536,2022-03-04,876750,1035330,1040840,1014620,1023340,8004710,-0.06714091,2702739134,21_High,106.30867982098621
537,2022-03-07,876750,1011110,1021120,986320,997770,13760514,-0.18379218,2702739134,21_High,103.6523652598212
538,2022-03-08,876750,982910,1011050,974500,990450,12494029,-0.23811446,2702739134,21_High,102.89193418482205
539,2022-03-10,876750,1020190,1043340,1003810,1026470,13483704,0.2435005,2702739134,21_High,106.633836824367
540,2022-03-11,876750,1022950,1043460,1006860,1030290,9858696,0.05388193000000001,2702739134,21_High,107.03067380612885
541,2022-03-14,876750,1027370,1046170,1011230,1019730,9342235,-0.01625599,2702739134,21_High,105.93365848481862
542,2022-03-15,876750,1019090,1033680,1002590,1011570,8884709,-0.03645724000000001,2702739134,21_High,105.08596482744252
543,2022-03-16,876750,1024110,1033690,1003670,1026320,8085060,0.11536403,2702739134,21_High,106.61825422037113
544,2022-03-17,876750,1046330,1063850,1036730,1044310,11610531,0.07549754,2702739134,21_High,108.48712785961081
545,2022-03-18,876750,1049160,1054470,1034380,1045900,10760992,0.03463458,2702739134,21_High,108.65230346196716
546,2022-03-21,876750,1051400,1061640,1034230,1045200,5628395,0.016003639999999996,2702739134,21_High,108.57958464331972
547,2022-03-22,876750,1048000,1067530,1041410,1057850,7342081,0.15866594,2702739134,21_High,109.89371758030593
548,2022-03-23,876750,1069040,1080170,1052560,1065070,9958235,0.12537941,2702739134,21_High,110.64376025264116
549,2022-03-24,876750,1054740,1069820,1044890,1064370,8364294,0.03310643,2702739134,21_High,110.5710414339937
550,2022-03-25,876750,1066650,1070220,1043860,1050810,7998350,-0.06543142,2702739134,21_High,109.16237403276578
551,2022-03-28,876750,1043710,1060460,1033220,1056360,8368360,0.12420789,2702739134,21_High,109.73893038061348
552,2022-03-29,876750,1062550,1080830,1052350,1063260,8123286,-0.00784526,2702739134,21_High,110.45573016442415
553,2022-03-30,876750,1077670,1082220,1058020,1065630,9371365,-0.03588837,2702739134,21_High,110.70193530755913
554,2022-03-31,876750,1066880,1081950,1061410,1074100,7742326,0.10582533999999999,2702739134,21_High,111.58183301319337
555,2022-04-01,876750,1067800,1079190,1058420,1069250,8035330,0.007025809999999995,2702739134,21_High,111.07799548399313
556,2022-04-04,876750,1065690,1085710,1055900,1080590,5806751,0.09997185,2702739134,21_High,112.25604034608195
557,2022-04-05,876750,1083260,1089640,1070050,1080500,7101737,-0.09154553,2702739134,21_High,112.24669078368441
558,2022-04-06,876750,1067060,1081660,1052890,1067710,10180210,0.05345444,2702739134,21_High,110.91801408296871
559,2022-04-07,876750,1049760,1064560,1040340,1042610,8618339,-0.24202997,2702739134,21_High,108.31052501432413
560,2022-04-08,876750,1045610,1056980,1029250,1044880,6248322,0.03861714,2702739134,21_High,108.54634175479517
561,2022-04-11,876750,1035870,1055680,1029940,1048660,8934018,0.18206398000000001,2702739134,21_High,108.93902337549144
562,2022-04-12,876750,1038530,1048220,1026120,1031400,8578386,-0.13585125,2702739134,21_High,107.14598507569839
563,2022-04-13,876750,1033120,1047900,1023490,1044440,7491744,0.07068555,2702739134,21_High,108.50063278307391
564,2022-04-14,876750,1044670,1056710,1037340,1050800,10421342,0.050788860000000005,2702739134,21_High,109.1613351924994
565,2022-04-15,876750,1040590,1057780,1032640,1044700,7974688,-0.050255,2702739134,21_High,108.5276426300001
566,2022-04-18,876750,1037310,1058620,1033480,1052200,5424129,0.06355558,2702739134,21_High,109.30677282979431
567,2022-04-19,876750,1057860,1072150,1051800,1067140,9328327,0.19496281,2702739134,21_High,110.85880018778435
568,2022-04-20,876750,1069040,1085750,1059490,1077200,11074012,0.08348372,2702739134,21_High,111.90387349577497
569,2022-04-21,876750,1077150,1087790,1064680,1080750,9136067,0.03144637,2702739134,21_High,112.27266179034423
570,2022-04-22,876750,1064870,1079630,1057360,1072610,9817414,0.030542669999999997,2702739134,21_High,111.42704581350091
571,2022-04-25,876750,1052650,1068910,1038630,1046310,13135579,-0.16867128,2702739134,21_High,108.69489591288925
572,2022-04-26,876750,1052320,1065320,1038330,1053720,13045430,0.040534669999999995,2702739134,21_High,109.46467655028593
573,2022-04-27,876750,1027890,1047940,1021070,1040710,12278527,-0.2221145,2702739134,21_High,108.11314536370959
574,2022-04-28,876750,1051200,1063670,1034860,1052970,8793741,0.11175059,2702739134,21_High,109.38676353030652
575,2022-04-29,876750,1054940,1071130,1035770,1047070,9872471,-0.028352959999999996,2702739134,21_High,108.77384777313507
576,2022-05-02,876750,1033010,1046360,1027500,1040300,6227357,-0.06944293,2702739134,21_High,108.0705529127875
577,2022-05-03,876750,1038990,1047440,1026150,1031130,6077114,-0.06279806,2702739134,21_High,107.1179363885058
578,2022-05-04,876750,1032550,1042590,1023320,1032440,6512421,0.019219229999999997,2702739134,21_High,107.2540244634032
579,2022-05-06,876750,1017360,1029640,1006980,1021180,8802860,-0.01534835,2702739134,21_High,106.08429032344549
580,2022-05-09,876750,1012710,1027890,999540,1013150,7336257,-0.12556336,2702739134,21_High,105.25010158953249
581,2022-05-10,876750,998490,1014020,984050,1007210,9958142,-0.09687934,2702739134,21_High,104.63303047129551
582,2022-05-11,876750,1000200,1012430,989800,1005030,10625463,-0.13370487,2702739134,21_High,104.40656329322198
583,2022-05-12,876750,994330,1012940,985820,994420,11125450,-0.0030694999999999967,2702739134,21_High,103.30435377057978
584,2022-05-13,876750,998270,1017090,991810,1014640,9214915,0.21427585,2702739134,21_High,105.40488878922496
585,2022-05-16,876750,1023370,1026960,1002330,1011130,6522586,-0.01914499,2702739134,21_High,105.04025585572127
586,2022-05-17,876750,1013720,1024700,1005890,1020540,6615053,0.07625666,2702739134,21_High,106.0178045463964
587,2022-05-18,876750,1027720,1032180,1011140,1017380,34957065,-0.06494426,2702739134,21_High,105.68953102221643
588,2022-05-19,876750,994290,1011320,987690,1001620,8904655,-0.20381094,2702739134,21_High,104.05231876238221
589,2022-05-20,876750,1004740,1025380,999940,1017220,8342319,0.11427741,2702739134,21_High,105.67290957795417
590,2022-05-23,876750,1019680,1025440,1004140,1015800,5809808,-0.003622160000000001,2702739134,21_High,105.52539426012646
591,2022-05-24,876750,1011520,1016600,983040,984990,7349880,-0.12110971,2702739134,21_High,102.32472739937188
592,2022-05-25,876750,992030,1002000,984370,992760,8068963,0.1130911,2702739134,21_High,103.13190628635867
593,2022-05-26,876750,995450,1007590,987350,994130,6503258,0.01808518,2702739134,21_High,103.27422740285441
594,2022-05-27,876750,1005970,1014470,997310,1007120,7179719,0.12903163,2702739134,21_High,104.62368090889798
595,2022-05-30,876750,1016280,1029610,1009250,1022870,5798955,0.07238974000000001,2702739134,21_High,106.25985432846579
596,2022-05-31,876750,1025520,1049100,1015380,1043010,17599428,0.10363756,2702739134,21_High,108.35207862497982
597,2022-06-02,876750,1042410,1051110,1028440,1042490,7811397,-0.08099527,2702739134,21_High,108.2980589311274
598,2022-06-03,876750,1050640,1062390,1036070,1049530,5822767,0.04476685,2702739134,21_High,109.02940247866756
599,2022-06-07,876750,1046960,1057880,1033540,1044530,7380375,-0.09451338000000001,2702739134,21_High,108.50998234547144
600,2022-06-08,876750,1049140,1057130,1035110,1047950,6465366,0.055145110000000004,2702739134,21_High,108.8652657165776
601,2022-06-09,876750,1044960,1057770,1031010,1049520,10390593,-0.04949015,2702739134,21_High,109.02836363840119
602,2022-06-10,876750,1037380,1051740,1032340,1041530,9504462,-0.10341792999999999,2702739134,21_High,108.19833026555376
603,2022-06-13,876750,1018100,1029560,998960,1001610,9777325,-0.43635086,2702739134,21_High,104.05127992211582
604,2022-06-14,876750,985950,1002850,971610,993150,10914835,0.03749495000000001,2702739134,21_High,103.17242105674798
605,2022-06-15,876750,992280,999230,957000,964180,7941585,-0.26551324,2702739134,21_High,100.16290080500958
606,2022-06-16,876750,977880,985030,947050,948660,8688315,-0.17381842,2702739134,21_High,98.55062071156878
607,2022-06-17,876750,928030,971080,921900,957400,12232839,-0.0619863,2702739134,21_High,99.45856710439563
608,2022-06-20,876750,960260,968610,924690,937760,7824976,-0.27835873,2702739134,21_High,97.41828482120121
609,2022-06-21,876750,947430,965750,933240,946720,6514909,0.09860864,2702739134,21_High,98.34908569988868
610,2022-06-22,876750,952630,952960,904000,909080,10603394,-0.42605471,2702739134,21_High,94.43889093718818
611,2022-06-23,876750,907630,928560,891510,900150,11894176,-0.23680145,2702739134,21_High,93.5112065792999
612,2022-06-24,876750,907050,934340,895860,923450,9161115,0.31676205,2702739134,21_High,95.93170439999388
613,2022-06-27,876750,928910,940790,912900,929370,9340911,0.08880925,2702739134,21_High,96.54669783769809
614,2022-06-28,876750,933530,950180,925850,940830,8545409,0.09232174,2702739134,21_High,97.73720878298363
615,2022-06-29,876750,925860,936510,912760,918260,9657732,-0.23797153000000001,2702739134,21_High,95.39254630173627
616,2022-06-30,876750,913140,923430,893730,899070,10685935,-0.16980453,2702739134,21_High,93.39901183052952
617,2022-07-01,876750,904180,911660,870520,880060,7914121,-0.029404879999999994,2702739134,21_High,91.42417648411782
618,2022-07-04,876750,881290,888840,856280,874370,8015078,-0.11516604,2702739134,21_High,90.83307637254062
619,2022-07-05,876750,883190,903770,872470,893610,7635099,0.17059028,2702739134,21_High,92.83180504507935
620,2022-07-06,876750,882720,895740,855270,864440,11760127,-0.41069325,2702739134,21_High,89.80150798801311
621,2022-07-07,876750,872230,881030,860900,870140,8742308,0.070793,2702739134,21_High,90.3936469398567
622,2022-07-08,876750,879110,894340,871340,878150,8056229,0.12146163,2702739134,21_High,91.2257579932369
623,2022-07-11,876750,878300,886700,861830,866720,6098268,-0.0779528,2702739134,21_High,90.03836356875054
624,2022-07-12,876750,859300,866770,843440,854080,6689627,-0.13848272,2702739134,21_High,88.72526947203072
625,2022-07-13,876750,851280,868080,839440,860650,8475059,-0.0015320400000000036,2702739134,21_High,89.40778752705044
626,2022-07-14,876750,849140,869420,843620,859010,8620986,-0.024840030000000003,2702739134,21_High,89.2374177233621
627,2022-07-15,876750,861880,869630,837040,855830,9896918,-0.13873293,2702739134,21_High,88.90706651864937
628,2022-07-18,876750,867120,888160,859930,882060,8089114,0.33402067,2702739134,21_High,91.63194453739628
629,2022-07-19,876750,877280,896050,870950,889450,6974214,0.09701431999999999,2702739134,21_High,92.39964749426017
630,2022-07-20,876750,907790,914140,888580,896040,9537763,0.14508748,2702739134,21_High,93.08424322981267
631,2022-07-21,876750,896700,917280,889660,907440,8161914,0.13210745,2702739134,21_High,94.26852113349985
